request_timestamp_utc,pool_address,network,rank,schema_version
2026-10-04T00:08:49.053216+00:00,Bd4wKg3xEBKJ4Xrw8skXMmJ4W65gk3x8yd7AovuBJisZ,solana,1,2
2026-10-04T00:08:49.053216+00:00,CyJwKnLiiY4fmiwqMCSWFSHxo7T9Ubshgs2uRAuJCrk5,solana,2,2
2026-10-04T00:08:49.053216+00:00,8ewuF2o8ACro7fqWepZ3tKhkbBjndZU4Ldk9scRPw83d,solana,3,2
2026-10-04T00:08:49.053216+00:00,BA2YYZ4YUKsMCMDGpqrV5FQiotGnyKrc571pFhc66Gje,solana,4,2
2026-10-04T00:08:49.053216+00:00,BoiL8W7CfhoGfjr3VHFH34GfKdkmGm7y1YyXbweLfcX7,solana,5,2
2026-10-04T00:08:49.053216+00:00,6e3jZLtf4tQbWZm3f7A66jF8tfZn6MRQVrbDFgcNWarA,solana,6,2
2026-10-04T00:08:49.053216+00:00,9KBF3KqYErfs1NXRK35gb4J8wnAD2i9ePZAzcwn7yhFT,solana,7,2
2026-10-04T00:08:49.053216+00:00,4R8CiMnJWDNoes3fQi1ccPFJygPXazaHaWpHrN3rZeNj,solana,8,2
2026-10-04T00:08:49.053216+00:00,FtiotJckV2ZG4S1YgJDJLiXKKDAnKWXgQxo7vxsjPwPe,solana,9,2
2026-10-04T00:08:49.053216+00:00,39e3inYn9tDu4GAeBJ4L1MZrRW8hMhu2yqJ59vhPeCai,solana,10,2
2026-10-04T00:08:49.053216+00:00,HCAZia1gVGy1hrfWR2FyLAXZFzC1REfDcPwC2MHao5rm,solana,11,2
2026-10-04T00:08:49.053216+00:00,zxTpi4BtaWX3mgdAPoezkMD1hxx8CdeCfrqXMWvSCLX,solana,12,2
2026-10-04T00:08:49.053216+00:00,C2agfYkMTrQp9G34KXcX5J44eLuUseqySZmkQUQ2fXK7,solana,13,2
2026-10-04T00:08:49.053216+00:00,DGvB8KyD79wFBJ7Kr7mW54qSfi7Yk3UrhJkcnTSd6frb,solana,14,2
2026-10-04T00:08:49.053216+00:00,HMzvsEEmtzHhvZNw9uwbaG85HCTmFnkbhzUx16cy7ca3,solana,15,2
2026-10-04T00:08:49.053216+00:00,Cr469Kh7oCPtQk5YADEmjVpBWx1DiXXLiooPFJn23jsg,solana,16,2
2026-10-04T00:08:49.053216+00:00,2uF4Xh61rDwxnG9woyxsVQP7zuA6kLFpb3NvnRQeoiSd,solana,17,2
2026-10-04T00:08:49.053216+00:00,2qWF4dn1JnqhCpAYJQnKVaKezzuUiG4xdnbnCSK1Pgcw,solana,18,2
2026-10-04T00:08:49.053216+00:00,GLL3CzybpSCLZdoACf8QUM5YrKVwyA65kQ2RcTsJxxzV,solana,19,2
2026-10-04T00:08:49.053216+00:00,7Nj7mBE7iVmjvnBHNvjgaz6G3ZktTHFNbf7aQDfZ7iNR,solana,20,2
2026-10-04T00:17:19.980057+00:00,Bd4wKg3xEBKJ4Xrw8skXMmJ4W65gk3x8yd7AovuBJisZ,solana,1,2
2026-10-04T00:17:19.980057+00:00,CyJwKnLiiY4fmiwqMCSWFSHxo7T9Ubshgs2uRAuJCrk5,solana,2,2
2026-10-04T00:17:19.980057+00:00,8ewuF2o8ACro7fqWepZ3tKhkbBjndZU4Ldk9scRPw83d,solana,3,2
2026-10-04T00:17:19.980057+00:00,BA2YYZ4YUKsMCMDGpqrV5FQiotGnyKrc571pFhc66Gje,solana,4,2
2026-10-04T00:17:19.980057+00:00,BoiL8W7CfhoGfjr3VHFH34GfKdkmGm7y1YyXbweLfcX7,solana,5,2
2026-10-04T00:17:19.980057+00:00,6e3jZLtf4tQbWZm3f7A66jF8tfZn6MRQVrbDFgcNWarA,solana,6,2
2026-10-04T00:17:19.980057+00:00,9KBF3KqYErfs1NXRK35gb4J8wnAD2i9ePZAzcwn7yhFT,solana,7,2
2026-10-04T00:17:19.980057+00:00,4R8CiMnJWDNoes3fQi1ccPFJygPXazaHaWpHrN3rZeNj,solana,8,2
2026-10-04T00:17:19.980057+00:00,FtiotJckV2ZG4S1YgJDJLiXKKDAnKWXgQxo7vxsjPwPe,solana,9,2
2026-10-04T00:17:19.980057+00:00,39e3inYn9tDu4GAeBJ4L1MZrRW8hMhu2yqJ59vhPeCai,solana,10,2
2026-10-04T00:17:19.980057+00:00,HCAZia1gVGy1hrfWR2FyLAXZFzC1REfDcPwC2MHao5rm,solana,11,2
2026-10-04T00:17:19.980057+00:00,C2agfYkMTrQp9G34KXcX5J44eLuUseqySZmkQUQ2fXK7,solana,12,2
2026-10-04T00:17:19.980057+00:00,zxTpi4BtaWX3mgdAPoezkMD1hxx8CdeCfrqXMWvSCLX,solana,13,2
2026-10-04T00:17:19.980057+00:00,DGvB8KyD79wFBJ7Kr7mW54qSfi7Yk3UrhJkcnTSd6frb,solana,14,2
2026-10-04T00:17:19.980057+00:00,HMzvsEEmtzHhvZNw9uwbaG85HCTmFnkbhzUx16cy7ca3,solana,15,2
2026-10-04T00:17:19.980057+00:00,Cr469Kh7oCPtQk5YADEmjVpBWx1DiXXLiooPFJn23jsg,solana,16,2
2026-10-04T00:17:19.980057+00:00,2uF4Xh61rDwxnG9woyxsVQP7zuA6kLFpb3NvnRQeoiSd,solana,17,2
2026-10-04T00:17:19.980057+00:00,2qWF4dn1JnqhCpAYJQnKVaKezzuUiG4xdnbnCSK1Pgcw,solana,18,2
2026-10-04T00:17:19.980057+00:00,GLL3CzybpSCLZdoACf8QUM5YrKVwyA65kQ2RcTsJxxzV,solana,19,2
2026-10-04T00:17:19.980057+00:00,7Nj7mBE7iVmjvnBHNvjgaz6G3ZktTHFNbf7aQDfZ7iNR,solana,20,2
2026-10-04T00:25:48.451709+00:00,Bd4wKg3xEBKJ4Xrw8skXMmJ4W65gk3x8yd7AovuBJisZ,solana,1,2
2026-10-04T00:25:48.451709+00:00,CyJwKnLiiY4fmiwqMCSWFSHxo7T9Ubshgs2uRAuJCrk5,solana,2,2
2026-10-04T00:25:48.451709+00:00,8ewuF2o8ACro7fqWepZ3tKhkbBjndZU4Ldk9scRPw83d,solana,3,2
2026-10-04T00:25:48.451709+00:00,BA2YYZ4YUKsMCMDGpqrV5FQiotGnyKrc571pFhc66Gje,solana,4,2
2026-10-04T00:25:48.451709+00:00,BoiL8W7CfhoGfjr3VHFH34GfKdkmGm7y1YyXbweLfcX7,solana,5,2
2026-10-04T00:25:48.451709+00:00,6e3jZLtf4tQbWZm3f7A66jF8tfZn6MRQVrbDFgcNWarA,solana,6,2
2026-10-04T00:25:48.451709+00:00,9KBF3KqYErfs1NXRK35gb4J8wnAD2i9ePZAzcwn7yhFT,solana,7,2
2026-10-04T00:25:48.451709+00:00,4R8CiMnJWDNoes3fQi1ccPFJygPXazaHaWpHrN3rZeNj,solana,8,2
2026-10-04T00:25:48.451709+00:00,FtiotJckV2ZG4S1YgJDJLiXKKDAnKWXgQxo7vxsjPwPe,solana,9,2
2026-10-04T00:25:48.451709+00:00,39e3inYn9tDu4GAeBJ4L1MZrRW8hMhu2yqJ59vhPeCai,solana,10,2
2026-10-04T00:25:48.451709+00:00,HCAZia1gVGy1hrfWR2FyLAXZFzC1REfDcPwC2MHao5rm,solana,11,2
2026-10-04T00:25:48.451709+00:00,C2agfYkMTrQp9G34KXcX5J44eLuUseqySZmkQUQ2fXK7,solana,12,2
2026-10-04T00:25:48.451709+00:00,zxTpi4BtaWX3mgdAPoezkMD1hxx8CdeCfrqXMWvSCLX,solana,13,2
2026-10-04T00:25:48.451709+00:00,DGvB8KyD79wFBJ7Kr7mW54qSfi7Yk3UrhJkcnTSd6frb,solana,14,2
2026-10-04T00:25:48.451709+00:00,HMzvsEEmtzHhvZNw9uwbaG85HCTmFnkbhzUx16cy7ca3,solana,15,2
2026-10-04T00:25:48.451709+00:00,Cr469Kh7oCPtQk5YADEmjVpBWx1DiXXLiooPFJn23jsg,solana,16,2
2026-10-04T00:25:48.451709+00:00,2uF4Xh61rDwxnG9woyxsVQP7zuA6kLFpb3NvnRQeoiSd,solana,17,2
2026-10-04T00:25:48.451709+00:00,2qWF4dn1JnqhCpAYJQnKVaKezzuUiG4xdnbnCSK1Pgcw,solana,18,2
2026-10-04T00:25:48.451709+00:00,GLL3CzybpSCLZdoACf8QUM5YrKVwyA65kQ2RcTsJxxzV,solana,19,2
2026-10-04T00:25:48.451709+00:00,7Nj7mBE7iVmjvnBHNvjgaz6G3ZktTHFNbf7aQDfZ7iNR,solana,20,2
2026-10-04T00:34:23.632745+00:00,Bd4wKg3xEBKJ4Xrw8skXMmJ4W65gk3x8yd7AovuBJisZ,solana,1,2
2026-10-04T00:34:23.632745+00:00,CyJwKnLiiY4fmiwqMCSWFSHxo7T9Ubshgs2uRAuJCrk5,solana,2,2
2026-10-04T00:34:23.632745+00:00,8ewuF2o8ACro7fqWepZ3tKhkbBjndZU4Ldk9scRPw83d,solana,3,2
2026-10-04T00:34:23.632745+00:00,BA2YYZ4YUKsMCMDGpqrV5FQiotGnyKrc571pFhc66Gje,solana,4,2
2026-10-04T00:34:23.632745+00:00,BoiL8W7CfhoGfjr3VHFH34GfKdkmGm7y1YyXbweLfcX7,solana,5,2
2026-10-04T00:34:23.632745+00:00,6e3jZLtf4tQbWZm3f7A66jF8tfZn6MRQVrbDFgcNWarA,solana,6,2
2026-10-04T00:34:23.632745+00:00,4R8CiMnJWDNoes3fQi1ccPFJygPXazaHaWpHrN3rZeNj,solana,7,2
2026-10-04T00:34:23.632745+00:00,9KBF3KqYErfs1NXRK35gb4J8wnAD2i9ePZAzcwn7yhFT,solana,8,2
2026-10-04T00:34:23.632745+00:00,FtiotJckV2ZG4S1YgJDJLiXKKDAnKWXgQxo7vxsjPwPe,solana,9,2
2026-10-04T00:34:23.632745+00:00,39e3inYn9tDu4GAeBJ4L1MZrRW8hMhu2yqJ59vhPeCai,solana,10,2
2026-10-04T00:34:23.632745+00:00,HCAZia1gVGy1hrfWR2FyLAXZFzC1REfDcPwC2MHao5rm,solana,11,2
2026-10-04T00:34:23.632745+00:00,C2agfYkMTrQp9G34KXcX5J44eLuUseqySZmkQUQ2fXK7,solana,12,2
2026-10-04T00:34:23.632745+00:00,zxTpi4BtaWX3mgdAPoezkMD1hxx8CdeCfrqXMWvSCLX,solana,13,2
2026-10-04T00:34:23.632745+00:00,DGvB8KyD79wFBJ7Kr7mW54qSfi7Yk3UrhJkcnTSd6frb,solana,14,2
2026-10-04T00:34:23.632745+00:00,HMzvsEEmtzHhvZNw9uwbaG85HCTmFnkbhzUx16cy7ca3,solana,15,2
2026-10-04T00:34:23.632745+00:00,Cr469Kh7oCPtQk5YADEmjVpBWx1DiXXLiooPFJn23jsg,solana,16,2
2026-10-04T00:34:23.632745+00:00,2uF4Xh61rDwxnG9woyxsVQP7zuA6kLFpb3NvnRQeoiSd,solana,17,2
2026-10-04T00:34:23.632745+00:00,2qWF4dn1JnqhCpAYJQnKVaKezzuUiG4xdnbnCSK1Pgcw,solana,18,2
2026-10-04T00:34:23.632745+00:00,GLL3CzybpSCLZdoACf8QUM5YrKVwyA65kQ2RcTsJxxzV,solana,19,2
2026-10-04T00:34:23.632745+00:00,7Nj7mBE7iVmjvnBHNvjgaz6G3ZktTHFNbf7aQDfZ7iNR,solana,20,2
2026-10-04T00:43:09.463793+00:00,Bd4wKg3xEBKJ4Xrw8skXMmJ4W65gk3x8yd7AovuBJisZ,solana,1,2
2026-10-04T00:43:09.463793+00:00,CyJwKnLiiY4fmiwqMCSWFSHxo7T9Ubshgs2uRAuJCrk5,solana,2,2
2026-10-04T00:43:09.463793+00:00,8ewuF2o8ACro7fqWepZ3tKhkbBjndZU4Ldk9scRPw83d,solana,3,2
2026-10-04T00:43:09.463793+00:00,BA2YYZ4YUKsMCMDGpqrV5FQiotGnyKrc571pFhc66Gje,solana,4,2
2026-10-04T00:43:09.463793+00:00,BoiL8W7CfhoGfjr3VHFH34GfKdkmGm7y1YyXbweLfcX7,solana,5,2
2026-10-04T00:43:09.463793+00:00,6e3jZLtf4tQbWZm3f7A66jF8tfZn6MRQVrbDFgcNWarA,solana,6,2
2026-10-04T00:43:09.463793+00:00,4R8CiMnJWDNoes3fQi1ccPFJygPXazaHaWpHrN3rZeNj,solana,7,2
2026-10-04T00:43:09.463793+00:00,9KBF3KqYErfs1NXRK35gb4J8wnAD2i9ePZAzcwn7yhFT,solana,8,2
2026-10-04T00:43:09.463793+00:00,FtiotJckV2ZG4S1YgJDJLiXKKDAnKWXgQxo7vxsjPwPe,solana,9,2
2026-10-04T00:43:09.463793+00:00,39e3inYn9tDu4GAeBJ4L1MZrRW8hMhu2yqJ59vhPeCai,solana,10,2
2026-10-04T00:43:09.463793+00:00,HCAZia1gVGy1hrfWR2FyLAXZFzC1REfDcPwC2MHao5rm,solana,11,2
2026-10-04T00:43:09.463793+00:00,C2agfYkMTrQp9G34KXcX5J44eLuUseqySZmkQUQ2fXK7,solana,12,2
2026-10-04T00:43:09.463793+00:00,zxTpi4BtaWX3mgdAPoezkMD1hxx8CdeCfrqXMWvSCLX,solana,13,2
2026-10-04T00:43:09.463793+00:00,DGvB8KyD79wFBJ7Kr7mW54qSfi7Yk3UrhJkcnTSd6frb,solana,14,2
2026-10-04T00:43:09.463793+00:00,HMzvsEEmtzHhvZNw9uwbaG85HCTmFnkbhzUx16cy7ca3,solana,15,2
2026-10-04T00:43:09.463793+00:00,Cr469Kh7oCPtQk5YADEmjVpBWx1DiXXLiooPFJn23jsg,solana,16,2
2026-10-04T00:43:09.463793+00:00,2uF4Xh61rDwxnG9woyxsVQP7zuA6kLFpb3NvnRQeoiSd,solana,17,2
2026-10-04T00:43:09.463793+00:00,2qWF4dn1JnqhCpAYJQnKVaKezzuUiG4xdnbnCSK1Pgcw,solana,18,2
2026-10-04T00:43:09.463793+00:00,GLL3CzybpSCLZdoACf8QUM5YrKVwyA65kQ2RcTsJxxzV,solana,19,2
2026-10-04T00:43:09.463793+00:00,7Nj7mBE7iVmjvnBHNvjgaz6G3ZktTHFNbf7aQDfZ7iNR,solana,20,2
