request_timestamp_utc,pool_address,network,dex,base_token_address,base_token_symbol,quote_token_address,quote_token_symbol,pool_created_at,price_usd,fdv_usd,market_cap_usd,reserve_usd,volume_usd_m5,volume_usd_h1,volume_usd_h24,buys_m5,sells_m5,buyers_m5,sellers_m5,buys_h1,sells_h1,buyers_h1,sellers_h1,buys_h24,sells_h24,buyers_h24,sellers_h24,source,ohlcv_timeframe,ohlcv_open,ohlcv_high,ohlcv_low,ohlcv_close,ohlcv_volume,raw_cache_path
2026-09-21T00:05:28.927999+00:00,Bd4wKg3xEBKJ4Xrw8skXMmJ4W65gk3x8yd7AovuBJisZ,solana,PumpSwap,EpEfnZxQyiBXppSKi8sncc8w4corn1UJbF9G91fQpump,PEPENOM,So11111111111111111111111111111111111111112,SOL,2026-09-11T00:55:05Z,0.0003118785120309765,184217.713381832,184236.357021425,112856.4549,14.7136263303,2315.7083305577,296959.055900255,1,1,1,1,76,42,74,42,12326,4122,11843,3813,snapshot,,,,,,,/home/runner/work/Solana-Memecoin-Analysis/Solana-Memecoin-Analysis/data/cache/2026-09-21/000536723057_multi_pools_160ea732db9e.json
2026-09-21T00:05:28.927999+00:00,4R8CiMnJWDNoes3fQi1ccPFJygPXazaHaWpHrN3rZeNj,solana,PumpSwap,GTBxUiw6wJdmmkCGZgRHLyYxqu1vG4KtRpeox6yDpump,JEANPHIL,So11111111111111111111111111111111111111112,SOL,2026-09-19T19:06:59Z,0.003472873474187246,3503537.011,,212197.5549,23800.914099194,495742.63686833,17617820.5583713,108,72,85,61,1834,1247,834,812,87732,73123,25279,22776,snapshot,,,,,,,/home/runner/work/Solana-Memecoin-Analysis/Solana-Memecoin-Analysis/data/cache/2026-09-21/000536723057_multi_pools_160ea732db9e.json
2026-09-21T00:05:28.927999+00:00,HMzvsEEmtzHhvZNw9uwbaG85HCTmFnkbhzUx16cy7ca3,solana,PumpSwap,Ai66LHZG9MCzg1WKdawwqduVAXpNDUuV8M3uyq5ppump,CATE,So11111111111111111111111111111111111111112,SOL,2026-07-26T16:32:43Z,0.09871177435105542,95511763.3158258,95533818.4852602,3545597.9588,22149.4804450719,173986.304242085,5460255.90291179,59,30,21,25,423,266,234,198,15695,12420,5223,5012,snapshot,,,,,,,/home/runner/work/Solana-Memecoin-Analysis/Solana-Memecoin-Analysis/data/cache/2026-09-21/000536723057_multi_pools_160ea732db9e.json
2026-09-21T00:05:28.927999+00:00,7a8xxAJBELDo6P9dikSYctdw6ce8F4mWr3ahcAD8Ao49,solana,Raydium (CLMM),6GmAFSYs4gk3FDao5FzzySQpPZaWsa4rUJHacpMpUNgx,STONK,XsoCS1TfEyfFhfvj8EtZ528L3CaKBDBRqRapnBbDF2W,SPYx,2026-07-23T19:07:17Z,0.32469892933514705,269892332.463797,270077147.690106,7057421.5109,1081.6044079341,459061.458207567,7214008.82419053,3,4,3,4,1097,963,417,499,11702,9957,3421,3683,snapshot,,,,,,,/home/runner/work/Solana-Memecoin-Analysis/Solana-Memecoin-Analysis/data/cache/2026-09-21/000536723057_multi_pools_160ea732db9e.json
2026-09-21T00:05:28.927999+00:00,EyeeG5fzZEigSQv7jUdxydePnsPL382KyVfXAANXVmeD,solana,PumpSwap,G9QZfEPHtZrUF1arcUFvZgYn6zSQLZdvcjCuyhKrpump,Stryker,So11111111111111111111111111111111111111112,SOL,2026-09-19T12:24:11Z,5.652155274723074e-06,5616.5980714922,5616.62581028,5895.7976,7.454533309,104.0117516831,2492139.62808814,1,1,1,1,9,6,7,6,112647,66428,8727,9891,snapshot,,,,,,,/home/runner/work/Solana-Memecoin-Analysis/Solana-Memecoin-Analysis/data/cache/2026-09-21/000536723057_multi_pools_160ea732db9e.json
2026-09-21T00:05:28.927999+00:00,2fwy38cJcChCVySA9cd5SAFaEPtZQWN2ssFip43hnsHU,solana,PumpSwap,91ryaCo5yGpYZM3bs6GUPs97VWJQj7RozBmqPULgpump,TIGRINO,So11111111111111111111111111111111111111112,SOL,2026-09-18T11:06:53Z,0.0020508711812722105,2001803.29219874,2001808.7306236,168384.0384,2647.3388626925,54639.0995252873,2323849.7293631,8,10,7,9,317,172,197,136,8685,8057,3272,3664,snapshot,,,,,,,/home/runner/work/Solana-Memecoin-Analysis/Solana-Memecoin-Analysis/data/cache/2026-09-21/000536723057_multi_pools_160ea732db9e.json
2026-09-21T00:05:28.927999+00:00,6qz7THwQvcjF3HyDGLuKaLBUk6EyJKeZXZMWLAeiwfjd,solana,Meteora,BPxxfRCXkUVhig4HS1Lh7kZqV6SPJhzfEk4x6fVBjPCy,BP,EPjFWdd5AufqSSqeM2qN1xzybapC8G4wEGGkZwyTDt1v,USDC,2026-03-23T12:39:55Z,0.8325876822244805,832587291.188,208146920.55,2877197.9187,12806.1696875621,204096.317300924,13555223.4099774,12,14,12,7,233,122,69,70,13720,16063,4768,4450,snapshot,,,,,,,/home/runner/work/Solana-Memecoin-Analysis/Solana-Memecoin-Analysis/data/cache/2026-09-21/000536723057_multi_pools_160ea732db9e.json
2026-09-21T00:05:28.927999+00:00,FpCMFDFGYotvufJ7HrFHsWEiiQCGbkLCtwHiDnh7o28Q,solana,Orca,So11111111111111111111111111111111111111112,SOL,EPjFWdd5AufqSSqeM2qN1xzybapC8G4wEGGkZwyTDt1v,USDC,2023-07-05T14:39:00Z,111.159334,1399958143.61842,1399679387.35198,135890.6648,1367.7590705288,13261.7606411577,266648.333364792,78,51,58,39,674,697,434,415,13000,12320,6194,5324,snapshot,,,,,,,/home/runner/work/Solana-Memecoin-Analysis/Solana-Memecoin-Analysis/data/cache/2026-09-21/000536723057_multi_pools_160ea732db9e.json
2026-09-21T00:05:28.927999+00:00,zxTpi4BtaWX3mgdAPoezkMD1hxx8CdeCfrqXMWvSCLX,solana,Meteora,6GmAFSYs4gk3FDao5FzzySQpPZaWsa4rUJHacpMpUNgx,STONK,So11111111111111111111111111111111111111112,SOL,2026-08-12T10:51:40Z,0.32795624734478257,272599841.091841,272786510.349404,2814134.199,8916.9449484843,386659.237413032,13046609.5179957,4,9,4,8,778,444,379,254,10821,9358,3116,2816,snapshot,,,,,,,/home/runner/work/Solana-Memecoin-Analysis/Solana-Memecoin-Analysis/data/cache/2026-09-21/000536723057_multi_pools_160ea732db9e.json
2026-09-21T00:05:28.927999+00:00,CJieB7FUMhEFMaEFjAxQJnkVXNMvaBm3DHHP8RTgBeG1,solana,PumpSwap,tipp4C4Jnpft26HC9VXNjUPidojZqxXf8nzKvrKf5BS,TIPPED,So11111111111111111111111111111111111111112,SOL,2026-09-19T17:02:13Z,0.00026448949716089705,263865.366211618,,59075.3829,1091.0565520294,27363.5158772475,2506559.47731027,30,12,28,10,296,268,197,170,18155,15581,4764,5842,snapshot,,,,,,,/home/runner/work/Solana-Memecoin-Analysis/Solana-Memecoin-Analysis/data/cache/2026-09-21/000536723057_multi_pools_160ea732db9e.json
2026-09-21T00:05:28.927999+00:00,Cb7ZRgPLhji3Th7htXyKEqbXvNjPpeTvckXuWakBUhXu,solana,PumpSwap,Hg5Ja55T5wESq4vyFoiVCMeHXtGyVA69X2UHq8hgpump,baton,pumpCmXqMfrsAkQ5r49WcJnRayYRqmXz6ae8H7H9Dfn,PUMP,2026-09-09T20:32:15Z,0.0025075232972247546,2504405.6604113,2504405.66882403,259907.2535,56.6816839596,14078.3338634652,1352467.77077712,0,4,0,4,33,31,22,28,3418,3468,1459,1742,snapshot,,,,,,,/home/runner/work/Solana-Memecoin-Analysis/Solana-Memecoin-Analysis/data/cache/2026-09-21/000536723057_multi_pools_160ea732db9e.json
2026-09-21T00:05:28.927999+00:00,FDrY5i5kuadZ1ik8gPS26qjj9Rw9mpufXMegGC2HNSP7,solana,PumpSwap,8J69rbLTzWWgUJziFY8jeu5tDwEPBwUz4pKBMr5rpump,WOJAK,So11111111111111111111111111111111111111112,SOL,2025-11-03T20:41:29Z,0.0021442578864122506,2143968.29797409,2143968.82644884,361256.5181,373.298566148,13654.1110139713,1235072.52921632,1,9,1,8,75,118,67,84,7676,6970,3226,3200,snapshot,,,,,,,/home/runner/work/Solana-Memecoin-Analysis/Solana-Memecoin-Analysis/data/cache/2026-09-21/000536723057_multi_pools_160ea732db9e.json
2026-09-21T00:05:28.927999+00:00,851G7eJBavuNfn3QcU951tDZkQZK17XPLE2jCzuqtEEs,solana,PumpSwap,CBLgLg4rjkqqwXuZjR1WAqWet2vR68Vne32J2bFLpump,DONATED,So11111111111111111111111111111111111111112,SOL,2026-09-20T04:06:55Z,7.184244500672745e-05,71280.6402896785,,21788.4857,1563.3867625239,8173.7757589433,1739071.35230906,3,10,3,6,76,93,55,55,18219,14845,4943,4520,snapshot,,,,,,,/home/runner/work/Solana-Memecoin-Analysis/Solana-Memecoin-Analysis/data/cache/2026-09-21/000536723057_multi_pools_160ea732db9e.json
2026-09-21T00:05:28.927999+00:00,GbrDAq3RjcVWeroLDUwmnuQ8N5xaaKj2Rk2dJDg64CLY,solana,Meteora,5dvXTZ5qwgafnHtwu3Ls3QrWx1U4LQsFeCuJgkk4QEC6,EMBER,So11111111111111111111111111111111111111112,SOL,2026-09-09T23:09:57Z,0.01188233117525105,11786348.3682353,11788439.6341525,712554.1761,7210.0229682429,104573.146760479,1219677.55746708,3,12,3,11,67,218,37,103,1782,1436,696,540,snapshot,,,,,,,/home/runner/work/Solana-Memecoin-Analysis/Solana-Memecoin-Analysis/data/cache/2026-09-21/000536723057_multi_pools_160ea732db9e.json
2026-09-21T00:05:28.927999+00:00,6e3jZLtf4tQbWZm3f7A66jF8tfZn6MRQVrbDFgcNWarA,solana,PumpSwap,98kfF7rmsg1QDUEoCqNE7g7M1FdrTt92TEp2CLzypump,PAID,So11111111111111111111111111111111111111112,SOL,2026-09-15T19:22:24Z,0.01422979530865054,14030606.9527898,,642214.0947,72982.3248267131,1023829.5231827,10376406.9065731,165,148,119,102,3100,2189,1327,1102,31346,25267,9147,8866,snapshot,,,,,,,/home/runner/work/Solana-Memecoin-Analysis/Solana-Memecoin-Analysis/data/cache/2026-09-21/000536723057_multi_pools_160ea732db9e.json
2026-09-21T00:05:28.927999+00:00,2i2iULr7UwK1SDRB17T5FUtiMnFQL7fyy7rh69brZihc,solana,PumpSwap,8k4sBtEeK4pf26noKqApv8NBTnuSJcbdwpKYknk5PbAA,CALI,So11111111111111111111111111111111111111112,SOL,2026-09-17T12:12:59Z,0.0007710162867289695,765258.576686525,,87382.8332,1234.5287549897,38443.6749977339,848141.791086145,19,9,18,9,266,137,195,111,5107,4315,1666,1542,snapshot,,,,,,,/home/runner/work/Solana-Memecoin-Analysis/Solana-Memecoin-Analysis/data/cache/2026-09-21/000536723057_multi_pools_160ea732db9e.json
2026-09-21T00:05:28.927999+00:00,GuPbekwP9MqB23CghhiMQZTaigPdUJooovo1neCErhM8,solana,Meteora,HcRLc9VDgjLeK154xDawfb1dmVJ98DoSqcwTHGqiDeJR,ZCAT,So11111111111111111111111111111111111111112,SOL,2026-09-06T00:18:18Z,0.10463719496623952,101326932.021916,101327836.396126,1406420.5356,54.2408710924,34353.4859413103,3127849.92150046,0,2,0,2,31,23,19,17,2660,762,1237,449,snapshot,,,,,,,/home/runner/work/Solana-Memecoin-Analysis/Solana-Memecoin-Analysis/data/cache/2026-09-21/000536723057_multi_pools_160ea732db9e.json
2026-09-21T00:05:28.927999+00:00,Gc5hVCBydc6k3Z7oc2cQEW4GThFQi2Fqk5HfKABqa2q8,solana,Meteora,98kfF7rmsg1QDUEoCqNE7g7M1FdrTt92TEp2CLzypump,PAID,So11111111111111111111111111111111111111112,SOL,2026-09-15T21:36:04Z,0.01414949450089319,14094464.2691693,,1004368.1718,21574.2410587394,263870.909454938,4994368.46219166,17,6,13,5,168,253,104,135,3727,1995,1806,1111,snapshot,,,,,,,/home/runner/work/Solana-Memecoin-Analysis/Solana-Memecoin-Analysis/data/cache/2026-09-21/000536723057_multi_pools_160ea732db9e.json
2026-09-21T00:05:28.927999+00:00,6HLorrkY3vqPsyTZDFvTGTnwnZsLM343Jxw6XvEPTKRt,solana,PumpSwap,DFQHUegJWE29Xu3BUxPezqi77uyHURRyxJpdtyvLpump,PUMPCAT,So11111111111111111111111111111111111111112,SOL,2026-09-19T04:29:28Z,9.221658180913251e-05,88587.350510059,88587.350510059,28785.8778,982.0448066678,25232.0299097989,915036.591415757,14,14,14,13,288,306,260,212,12424,11700,2938,2680,snapshot,,,,,,,/home/runner/work/Solana-Memecoin-Analysis/Solana-Memecoin-Analysis/data/cache/2026-09-21/000536723057_multi_pools_160ea732db9e.json
2026-09-21T00:05:28.927999+00:00,Bzc9NZfMqkXR6fz1DBph7BDf9BroyEf6pnzESP7v5iiw,solana,Raydium,9BB6NFEcjBCtnNLFko2FqVQBq8HHM13kCyYcdQbgpump,Fartcoin,So11111111111111111111111111111111111111112,SOL,2024-10-18T06:09:47Z,0.16800490719678357,168402982.768638,168402983.755079,8285163.3302,1061.1091986847,43668.9671428439,2194369.54375938,5,0,4,0,44,107,27,52,8043,7574,2755,2519,snapshot,,,,,,,/home/runner/work/Solana-Memecoin-Analysis/Solana-Memecoin-Analysis/data/cache/2026-09-21/000536723057_multi_pools_160ea732db9e.json
2026-09-21T00:05:28.927999+00:00,5ppcy9VaoLNtqqKxd1pAhvqUrHGfgVVxj4CFkXSfqvcj,solana,Pump.fun,Azgyit1kS9yNN5XaFJh3Et4XErGb6gVNw8wszWdCpump,BANDIT,So11111111111111111111111111111111111111112,SOL,2026-09-20T22:34:01Z,3.1002513874962806e-06,3100.251387,,2472.5271,0.0,0.0,1266.3992050578,0,0,0,0,0,0,0,0,24,25,24,23,snapshot,,,,,,,/home/runner/work/Solana-Memecoin-Analysis/Solana-Memecoin-Analysis/data/cache/2026-09-21/000536723057_multi_pools_160ea732db9e.json
2026-09-21T00:05:28.927999+00:00,9Z7eLhTUV5RLWtxKXKLeykW71Ayxmmq2hWHphP1eAZHR,solana,Pump.fun,Cf3dzyXQG4czayzZC1kUXxBTyePJ91jtm8CkGS2Tpump,beer,So11111111111111111111111111111111111111112,SOL,2026-09-20T22:33:58Z,8.471991616530071e-07,1717.787208,,687.2105,0.0,0.0,44.7745820673,0,0,0,0,0,0,0,0,8,11,3,3,snapshot,,,,,,,/home/runner/work/Solana-Memecoin-Analysis/Solana-Memecoin-Analysis/data/cache/2026-09-21/000536723057_multi_pools_160ea732db9e.json
2026-09-21T00:05:28.927999+00:00,7KDARDoNnTmoLpqnGQh3MnSobMQ8f2QjRr1eNZyJTPko,solana,Pump.fun,CDwj1wV1P1cKjV98dAkNqwJxR8Nmf7WGJ9EHcJuiKhRx,OMNI,So11111111111111111111111111111111111111112,SOL,2026-09-20T22:39:57Z,3.109274364432311e-06,3109.274364,,2465.7805,1.207475251,1.207475251,6765.7320996571,0,1,0,1,0,1,0,1,47,63,47,55,snapshot,,,,,,,/home/runner/work/Solana-Memecoin-Analysis/Solana-Memecoin-Analysis/data/cache/2026-09-21/000536723057_multi_pools_160ea732db9e.json
2026-09-21T00:05:28.927999+00:00,GT8sFm8UWUevG48pMvrSbUqmnzFJhFNzJGTGrksjyWv3,solana,Pump.fun,GuEqA9zFfLz8VrBeKfnr6ffNKCZEheqJ9gTUZWX5pump,HiddenSwap,So11111111111111111111111111111111111111112,SOL,2026-09-20T22:39:54Z,3.088416580696234e-06,3088.416581,,2464.8854,0.0,0.0,931.8947601786,0,0,0,0,0,0,0,0,11,16,11,16,snapshot,,,,,,,/home/runner/work/Solana-Memecoin-Analysis/Solana-Memecoin-Analysis/data/cache/2026-09-21/000536723057_multi_pools_160ea732db9e.json
2026-09-21T00:05:28.927999+00:00,EwxMQQyMjU3XveoHWhz9FnYn6K3yuDjGa3H8MAtfNXre,solana,Pump.fun,CNz14ihiRgGHWXVV2r51SxwEMgxG4wmp8F7v58a9pump,Adderall,So11111111111111111111111111111111111111112,SOL,2026-09-20T22:39:51Z,3.1620975252209583e-06,3162.097525,,2513.6312,0.0,72.225609576,10598.9150406455,0,0,0,0,1,6,1,5,72,71,62,56,snapshot,,,,,,,/home/runner/work/Solana-Memecoin-Analysis/Solana-Memecoin-Analysis/data/cache/2026-09-21/000536723057_multi_pools_160ea732db9e.json
2026-09-21T00:05:28.927999+00:00,E5ooi3EZ5tmPd8VYWyYMLbe5rfUHfrxGnjy3fNPbGwJ6,solana,Pump.fun,EMeCHXjonQSLy2oWEda2eVyX39E5SBAzcFtYCR2mpump,shitter,So11111111111111111111111111111111111111112,SOL,2026-09-20T22:39:51Z,3.1080453105154576e-06,3108.045311,,2465.5694,1.3302432785,1.3302432785,13446.8793726737,0,1,0,1,0,1,0,1,132,209,66,71,snapshot,,,,,,,/home/runner/work/Solana-Memecoin-Analysis/Solana-Memecoin-Analysis/data/cache/2026-09-21/000536723057_multi_pools_160ea732db9e.json
2026-09-21T00:05:28.927999+00:00,8cUVLvwqhJ69MjTQM3Jbf8t6xD9pFwq9NT6bwUi1ndqH,solana,Pump.fun,6SKA5ZuKb4Qp8dyTNFKMjdsq7Fwf7w5Bgv9UEtsSpump,SOOTS,So11111111111111111111111111111111111111112,SOL,2026-09-20T22:39:38Z,6.395190242303098e-07,1279.0380484,,510.9235,0.0,0.0,26.0420565914,0,0,0,0,0,0,0,0,10,17,4,4,snapshot,,,,,,,/home/runner/work/Solana-Memecoin-Analysis/Solana-Memecoin-Analysis/data/cache/2026-09-21/000536723057_multi_pools_160ea732db9e.json
2026-09-21T00:05:28.927999+00:00,9dX1CLs8wgaZDUTRUj7hm873M2gx8mWF5gyErCkE9TSz,solana,Pump.fun,EM6kQoSLyHWL2ZdpB8ZNFd8AwFziaqCP1m1vKr3cpump,crowd,So11111111111111111111111111111111111111112,SOL,2026-09-20T22:39:33Z,3.09416529067909e-06,3094.165291,,2466.099,0.0,0.0594781626,18948.1229844006,0,0,0,0,0,1,0,1,83,122,78,78,snapshot,,,,,,,/home/runner/work/Solana-Memecoin-Analysis/Solana-Memecoin-Analysis/data/cache/2026-09-21/000536723057_multi_pools_160ea732db9e.json
2026-09-21T00:05:28.927999+00:00,Bgf45Fjqeobgd5viMX8P8AfhiydRewEFKPd7nmcFNQRb,solana,PumpSwap,EKtmPPLaCbEEKiwoHHtV7TsRsmPXs5CMGtQtZFSiinsc,Stamp,A7bdiYdS5GjqGFtxf17ppRHtDKPkkRqbKtR27dxvQXaS,ZEC,2026-09-20T18:44:10Z,0.01228406724484012,12277457.64,,453721.7323,35904.2271363906,1153260.88348275,11423320.3944205,111,139,89,105,2810,2385,1559,1338,36672,33711,11792,9816,snapshot,,,,,,,/home/runner/work/Solana-Memecoin-Analysis/Solana-Memecoin-Analysis/data/cache/2026-09-21/000536723057_multi_pools_160ea732db9e.json
2026-09-21T00:05:28.927999+00:00,8SUBpDtbh6Tk9wiAPngG4VMVsVNnubcw1NCCRmEyriLV,solana,Pump.fun,GwUm8RTYTmHrcD294x7MoeehgCSyjNCpsdH4kmq56CGk,HOSTAGE,So11111111111111111111111111111111111111112,SOL,2026-09-21T00:02:53Z,3.3713543101623683e-06,3196.219019,,2534.5655,1114.7347503304,1114.7347503304,1114.7347503304,3,3,3,3,3,3,3,3,3,3,3,3,snapshot,,,,,,,/home/runner/work/Solana-Memecoin-Analysis/Solana-Memecoin-Analysis/data/cache/2026-09-21/000536723057_multi_pools_160ea732db9e.json
2026-09-21T00:05:28.927999+00:00,21HoZA7pDSX3Dh7sfDPtL7h3U9dxzymuLrj2eEsEiWKh,solana,Pump.fun,4JW5D6gTZDfBRsa2vuJCvLkKbdpH8mBRfxagpEi5pump,144,So11111111111111111111111111111111111111112,SOL,2026-09-21T00:02:49Z,3.135787898569422e-06,3127.321023,,2478.7997,11.0110432161,11.0110432161,11.0110432161,1,0,1,0,1,0,1,0,1,0,1,0,snapshot,,,,,,,/home/runner/work/Solana-Memecoin-Analysis/Solana-Memecoin-Analysis/data/cache/2026-09-21/000544220961_multi_pools_d14af13157e8.json
2026-09-21T00:05:28.927999+00:00,98EHcdDL91obAV6UPTvp6CXhUuaMWDok8seLHDyto3ez,solana,Pump.fun,96QwyftDRYYyYpdwrxrqspbnfvywSsHF2pMJtrU1tv6i,ZCAT,So11111111111111111111111111111111111111112,SOL,2026-09-21T00:02:46Z,3.2696329761471404e-06,3269.632976,,2592.6712,330.164106949,330.164106949,330.164106949,1,1,1,1,1,1,1,1,1,1,1,1,snapshot,,,,,,,/home/runner/work/Solana-Memecoin-Analysis/Solana-Memecoin-Analysis/data/cache/2026-09-21/000544220961_multi_pools_d14af13157e8.json
2026-09-21T00:05:28.927999+00:00,DjiCr634wywstD6mEMaUiuQ3bJnPyHQ5ncMh1NgG87QY,solana,Meteora DAMM V2,BUmFTK8ayezzoDoxnN49AwAiV4edzZPofNxkvyju6qh7,HONEYBUNNY,So11111111111111111111111111111111111111112,SOL,2026-09-21T00:02:35Z,9.47703291281246e-06,9477.032922477,,1.115456065e-07,3.9472813305,3.9472813305,3.9472813305,7,0,7,0,7,0,7,0,7,0,7,0,snapshot,,,,,,,/home/runner/work/Solana-Memecoin-Analysis/Solana-Memecoin-Analysis/data/cache/2026-09-21/000544220961_multi_pools_d14af13157e8.json
2026-09-21T00:05:28.927999+00:00,Gh5Be1E6zYkADT7eGa72rTWytQv7RUuzqFFJsyZ795Nd,solana,Pump.fun,GUd25SrqTeJgHCUcBiKSumrCw2tRke9qa7NwCeYvMTRg,JUBJUB,So11111111111111111111111111111111111111112,SOL,2026-09-21T00:02:34Z,3.1588688813668627e-06,3223.090972,,2555.0557,3209.6087212258,3209.6087212258,3209.6087212258,9,8,9,8,9,8,9,8,9,8,9,8,snapshot,,,,,,,/home/runner/work/Solana-Memecoin-Analysis/Solana-Memecoin-Analysis/data/cache/2026-09-21/000544220961_multi_pools_d14af13157e8.json
2026-09-21T00:00:00+00:00,Bgf45Fjqeobgd5viMX8P8AfhiydRewEFKPd7nmcFNQRb,solana,PumpSwap,,,,,2026-09-20T18:44:10Z,0.01228406724484012,,,,,,,,,,,,,,,,,,,ohlcv_backfill,minute,0.014467287727265849,0.0145507470534301,0.01227745763520521,0.01228406724484012,41334.310001402904,/home/runner/work/Solana-Memecoin-Analysis/Solana-Memecoin-Analysis/data/cache/2026-09-21/000551819628_ohlcv_61acd44e7b54.json
2026-09-20T23:55:00+00:00,Bgf45Fjqeobgd5viMX8P8AfhiydRewEFKPd7nmcFNQRb,solana,PumpSwap,,,,,2026-09-20T18:44:10Z,0.014467287727265849,,,,,,,,,,,,,,,,,,,ohlcv_backfill,minute,0.009928962834890675,0.014626290336707986,0.009923906555585013,0.014467287727265849,166289.80832903492,/home/runner/work/Solana-Memecoin-Analysis/Solana-Memecoin-Analysis/data/cache/2026-09-21/000551819628_ohlcv_61acd44e7b54.json
2026-09-20T23:50:00+00:00,Bgf45Fjqeobgd5viMX8P8AfhiydRewEFKPd7nmcFNQRb,solana,PumpSwap,,,,,2026-09-20T18:44:10Z,0.009928962834890675,,,,,,,,,,,,,,,,,,,ohlcv_backfill,minute,0.011079089582327672,0.01109640303578649,0.00992893216638076,0.009928962834890675,54140.36026261428,/home/runner/work/Solana-Memecoin-Analysis/Solana-Memecoin-Analysis/data/cache/2026-09-21/000551819628_ohlcv_61acd44e7b54.json
2026-09-20T23:45:00+00:00,Bgf45Fjqeobgd5viMX8P8AfhiydRewEFKPd7nmcFNQRb,solana,PumpSwap,,,,,2026-09-20T18:44:10Z,0.011079089582327672,,,,,,,,,,,,,,,,,,,ohlcv_backfill,minute,0.009774709948266683,0.012299256176447254,0.009304599502201066,0.011079089582327672,287436.1151937072,/home/runner/work/Solana-Memecoin-Analysis/Solana-Memecoin-Analysis/data/cache/2026-09-21/000551819628_ohlcv_61acd44e7b54.json
2026-09-20T23:40:00+00:00,Bgf45Fjqeobgd5viMX8P8AfhiydRewEFKPd7nmcFNQRb,solana,PumpSwap,,,,,2026-09-20T18:44:10Z,0.009774709948266683,,,,,,,,,,,,,,,,,,,ohlcv_backfill,minute,0.007401831748068649,0.010158112311827205,0.007384040564502747,0.009774709948266683,221766.0937316889,/home/runner/work/Solana-Memecoin-Analysis/Solana-Memecoin-Analysis/data/cache/2026-09-21/000551819628_ohlcv_61acd44e7b54.json
2026-09-20T23:35:00+00:00,Bgf45Fjqeobgd5viMX8P8AfhiydRewEFKPd7nmcFNQRb,solana,PumpSwap,,,,,2026-09-20T18:44:10Z,0.007401831748068649,,,,,,,,,,,,,,,,,,,ohlcv_backfill,minute,0.0063205211129958175,0.007942538778493935,0.006251569568288785,0.007401831748068649,84141.39107002872,/home/runner/work/Solana-Memecoin-Analysis/Solana-Memecoin-Analysis/data/cache/2026-09-21/000551819628_ohlcv_61acd44e7b54.json
2026-09-20T23:30:00+00:00,Bgf45Fjqeobgd5viMX8P8AfhiydRewEFKPd7nmcFNQRb,solana,PumpSwap,,,,,2026-09-20T18:44:10Z,0.0063205211129958175,,,,,,,,,,,,,,,,,,,ohlcv_backfill,minute,0.006742710202323955,0.0067427273433694705,0.006171769339107101,0.0063205211129958175,37231.54709225737,/home/runner/work/Solana-Memecoin-Analysis/Solana-Memecoin-Analysis/data/cache/2026-09-21/000551819628_ohlcv_61acd44e7b54.json
2026-09-20T23:25:00+00:00,Bgf45Fjqeobgd5viMX8P8AfhiydRewEFKPd7nmcFNQRb,solana,PumpSwap,,,,,2026-09-20T18:44:10Z,0.006742710202323955,,,,,,,,,,,,,,,,,,,ohlcv_backfill,minute,0.006896332748222541,0.007029610489194592,0.0061908821902788335,0.006742710202323955,61033.157136714195,/home/runner/work/Solana-Memecoin-Analysis/Solana-Memecoin-Analysis/data/cache/2026-09-21/000551819628_ohlcv_61acd44e7b54.json
2026-09-20T23:20:00+00:00,Bgf45Fjqeobgd5viMX8P8AfhiydRewEFKPd7nmcFNQRb,solana,PumpSwap,,,,,2026-09-20T18:44:10Z,0.006896332748222541,,,,,,,,,,,,,,,,,,,ohlcv_backfill,minute,0.005642494413305214,0.006896932616394983,0.005538173300281988,0.006896332748222541,111254.73135475423,/home/runner/work/Solana-Memecoin-Analysis/Solana-Memecoin-Analysis/data/cache/2026-09-21/000551819628_ohlcv_61acd44e7b54.json
2026-09-20T23:15:00+00:00,Bgf45Fjqeobgd5viMX8P8AfhiydRewEFKPd7nmcFNQRb,solana,PumpSwap,,,,,2026-09-20T18:44:10Z,0.005642494413305214,,,,,,,,,,,,,,,,,,,ohlcv_backfill,minute,0.004872934607124906,0.005978624530674527,0.004587888961944723,0.005642494413305214,41655.772730532015,/home/runner/work/Solana-Memecoin-Analysis/Solana-Memecoin-Analysis/data/cache/2026-09-21/000551819628_ohlcv_61acd44e7b54.json
2026-09-20T23:10:00+00:00,Bgf45Fjqeobgd5viMX8P8AfhiydRewEFKPd7nmcFNQRb,solana,PumpSwap,,,,,2026-09-20T18:44:10Z,0.004872934607124906,,,,,,,,,,,,,,,,,,,ohlcv_backfill,minute,0.005558701762267326,0.005607981929278716,0.004872934607124906,0.004872934607124906,17007.48087976238,/home/runner/work/Solana-Memecoin-Analysis/Solana-Memecoin-Analysis/data/cache/2026-09-21/000551819628_ohlcv_61acd44e7b54.json
2026-09-20T23:05:00+00:00,Bgf45Fjqeobgd5viMX8P8AfhiydRewEFKPd7nmcFNQRb,solana,PumpSwap,,,,,2026-09-20T18:44:10Z,0.005558701762267326,,,,,,,,,,,,,,,,,,,ohlcv_backfill,minute,0.004757156708483433,0.005562102866631043,0.004384323064006712,0.005558701762267326,48818.84373589959,/home/runner/work/Solana-Memecoin-Analysis/Solana-Memecoin-Analysis/data/cache/2026-09-21/000551819628_ohlcv_61acd44e7b54.json
2026-09-20T23:00:00+00:00,Bgf45Fjqeobgd5viMX8P8AfhiydRewEFKPd7nmcFNQRb,solana,PumpSwap,,,,,2026-09-20T18:44:10Z,0.004757156708483433,,,,,,,,,,,,,,,,,,,ohlcv_backfill,minute,0.005675155923124005,0.006052233844614941,0.004542247954086854,0.004757156708483433,63170.383123454456,/home/runner/work/Solana-Memecoin-Analysis/Solana-Memecoin-Analysis/data/cache/2026-09-21/000551819628_ohlcv_61acd44e7b54.json
2026-09-20T22:55:00+00:00,Bgf45Fjqeobgd5viMX8P8AfhiydRewEFKPd7nmcFNQRb,solana,PumpSwap,,,,,2026-09-20T18:44:10Z,0.005675155923124005,,,,,,,,,,,,,,,,,,,ohlcv_backfill,minute,0.005531514497714739,0.006180473632152441,0.005444460620690897,0.005675155923124005,42821.072780239956,/home/runner/work/Solana-Memecoin-Analysis/Solana-Memecoin-Analysis/data/cache/2026-09-21/000551819628_ohlcv_61acd44e7b54.json
2026-09-20T22:50:00+00:00,Bgf45Fjqeobgd5viMX8P8AfhiydRewEFKPd7nmcFNQRb,solana,PumpSwap,,,,,2026-09-20T18:44:10Z,0.005531514497714739,,,,,,,,,,,,,,,,,,,ohlcv_backfill,minute,0.006366898435691621,0.006872717746658537,0.005077352132863911,0.005531514497714739,129659.59940681081,/home/runner/work/Solana-Memecoin-Analysis/Solana-Memecoin-Analysis/data/cache/2026-09-21/000551819628_ohlcv_61acd44e7b54.json
2026-09-20T22:45:00+00:00,Bgf45Fjqeobgd5viMX8P8AfhiydRewEFKPd7nmcFNQRb,solana,PumpSwap,,,,,2026-09-20T18:44:10Z,0.006366898435691621,,,,,,,,,,,,,,,,,,,ohlcv_backfill,minute,0.00620052830909795,0.00718231846812118,0.005849888572437513,0.006366898435691621,72570.81286185043,/home/runner/work/Solana-Memecoin-Analysis/Solana-Memecoin-Analysis/data/cache/2026-09-21/000551819628_ohlcv_61acd44e7b54.json
2026-09-20T22:40:00+00:00,Bgf45Fjqeobgd5viMX8P8AfhiydRewEFKPd7nmcFNQRb,solana,PumpSwap,,,,,2026-09-20T18:44:10Z,0.00620052830909795,,,,,,,,,,,,,,,,,,,ohlcv_backfill,minute,0.005736821824106006,0.006204249933624445,0.0055907281238137185,0.00620052830909795,53506.82382857888,/home/runner/work/Solana-Memecoin-Analysis/Solana-Memecoin-Analysis/data/cache/2026-09-21/000551819628_ohlcv_61acd44e7b54.json
2026-09-20T22:35:00+00:00,Bgf45Fjqeobgd5viMX8P8AfhiydRewEFKPd7nmcFNQRb,solana,PumpSwap,,,,,2026-09-20T18:44:10Z,0.005736821824106006,,,,,,,,,,,,,,,,,,,ohlcv_backfill,minute,0.006149106445584348,0.0064032543155859946,0.005530612721593354,0.005736821824106006,83896.7367995604,/home/runner/work/Solana-Memecoin-Analysis/Solana-Memecoin-Analysis/data/cache/2026-09-21/000551819628_ohlcv_61acd44e7b54.json
2026-09-20T22:30:00+00:00,Bgf45Fjqeobgd5viMX8P8AfhiydRewEFKPd7nmcFNQRb,solana,PumpSwap,,,,,2026-09-20T18:44:10Z,0.006149106445584348,,,,,,,,,,,,,,,,,,,ohlcv_backfill,minute,0.006830145787909564,0.007431313220053375,0.0057618194517030895,0.006149106445584348,111970.91139073453,/home/runner/work/Solana-Memecoin-Analysis/Solana-Memecoin-Analysis/data/cache/2026-09-21/000551819628_ohlcv_61acd44e7b54.json
2026-09-20T22:25:00+00:00,Bgf45Fjqeobgd5viMX8P8AfhiydRewEFKPd7nmcFNQRb,solana,PumpSwap,,,,,2026-09-20T18:44:10Z,0.006830145787909564,,,,,,,,,,,,,,,,,,,ohlcv_backfill,minute,0.00521270184572523,0.007284827978071662,0.005158071144347587,0.006830145787909564,196156.61291458888,/home/runner/work/Solana-Memecoin-Analysis/Solana-Memecoin-Analysis/data/cache/2026-09-21/000551819628_ohlcv_61acd44e7b54.json
2026-09-20T22:20:00+00:00,Bgf45Fjqeobgd5viMX8P8AfhiydRewEFKPd7nmcFNQRb,solana,PumpSwap,,,,,2026-09-20T18:44:10Z,0.00521270184572523,,,,,,,,,,,,,,,,,,,ohlcv_backfill,minute,0.004428832143911082,0.005956564233846162,0.0043100507561761505,0.00521270184572523,214134.86061013755,/home/runner/work/Solana-Memecoin-Analysis/Solana-Memecoin-Analysis/data/cache/2026-09-21/000551819628_ohlcv_61acd44e7b54.json
2026-09-20T22:15:00+00:00,Bgf45Fjqeobgd5viMX8P8AfhiydRewEFKPd7nmcFNQRb,solana,PumpSwap,,,,,2026-09-20T18:44:10Z,0.004428832143911082,,,,,,,,,,,,,,,,,,,ohlcv_backfill,minute,0.004151464014864113,0.005122029674629342,0.0040681480769481,0.004428832143911082,106065.65049396736,/home/runner/work/Solana-Memecoin-Analysis/Solana-Memecoin-Analysis/data/cache/2026-09-21/000551819628_ohlcv_61acd44e7b54.json
2026-09-20T22:10:00+00:00,Bgf45Fjqeobgd5viMX8P8AfhiydRewEFKPd7nmcFNQRb,solana,PumpSwap,,,,,2026-09-20T18:44:10Z,0.004151464014864113,,,,,,,,,,,,,,,,,,,ohlcv_backfill,minute,0.00339871866949284,0.0044522219350565636,0.0033593627313164213,0.004151464014864113,50986.96080515448,/home/runner/work/Solana-Memecoin-Analysis/Solana-Memecoin-Analysis/data/cache/2026-09-21/000551819628_ohlcv_61acd44e7b54.json
2026-09-20T22:05:00+00:00,Bgf45Fjqeobgd5viMX8P8AfhiydRewEFKPd7nmcFNQRb,solana,PumpSwap,,,,,2026-09-20T18:44:10Z,0.00339871866949284,,,,,,,,,,,,,,,,,,,ohlcv_backfill,minute,0.0034517404631290174,0.0037076808893038147,0.0031731739230777788,0.00339871866949284,30238.339470334442,/home/runner/work/Solana-Memecoin-Analysis/Solana-Memecoin-Analysis/data/cache/2026-09-21/000551819628_ohlcv_61acd44e7b54.json
2026-09-20T22:00:00+00:00,Bgf45Fjqeobgd5viMX8P8AfhiydRewEFKPd7nmcFNQRb,solana,PumpSwap,,,,,2026-09-20T18:44:10Z,0.0034517404631290174,,,,,,,,,,,,,,,,,,,ohlcv_backfill,minute,0.003079597833736584,0.003797504898699835,0.002877875574703409,0.0034517404631290174,45570.43618908816,/home/runner/work/Solana-Memecoin-Analysis/Solana-Memecoin-Analysis/data/cache/2026-09-21/000551819628_ohlcv_61acd44e7b54.json
2026-09-20T21:55:00+00:00,Bgf45Fjqeobgd5viMX8P8AfhiydRewEFKPd7nmcFNQRb,solana,PumpSwap,,,,,2026-09-20T18:44:10Z,0.003079597833736584,,,,,,,,,,,,,,,,,,,ohlcv_backfill,minute,0.0026143479035929625,0.0030796112968928505,0.002609229013592052,0.003079597833736584,12385.636656365921,/home/runner/work/Solana-Memecoin-Analysis/Solana-Memecoin-Analysis/data/cache/2026-09-21/000551819628_ohlcv_61acd44e7b54.json
2026-09-20T21:50:00+00:00,Bgf45Fjqeobgd5viMX8P8AfhiydRewEFKPd7nmcFNQRb,solana,PumpSwap,,,,,2026-09-20T18:44:10Z,0.0026143479035929625,,,,,,,,,,,,,,,,,,,ohlcv_backfill,minute,0.002757528443561201,0.003016054199461912,0.002614347725589403,0.0026143479035929625,36363.10649921853,/home/runner/work/Solana-Memecoin-Analysis/Solana-Memecoin-Analysis/data/cache/2026-09-21/000551819628_ohlcv_61acd44e7b54.json
2026-09-20T21:45:00+00:00,Bgf45Fjqeobgd5viMX8P8AfhiydRewEFKPd7nmcFNQRb,solana,PumpSwap,,,,,2026-09-20T18:44:10Z,0.002757528443561201,,,,,,,,,,,,,,,,,,,ohlcv_backfill,minute,0.0030711550313391213,0.0031026773886410415,0.002506176076444764,0.002757528443561201,94359.97792437,/home/runner/work/Solana-Memecoin-Analysis/Solana-Memecoin-Analysis/data/cache/2026-09-21/000551819628_ohlcv_61acd44e7b54.json
2026-09-20T21:40:00+00:00,Bgf45Fjqeobgd5viMX8P8AfhiydRewEFKPd7nmcFNQRb,solana,PumpSwap,,,,,2026-09-20T18:44:10Z,0.0030711550313391213,,,,,,,,,,,,,,,,,,,ohlcv_backfill,minute,0.0029295107632829878,0.003231466377609201,0.0027695921436258473,0.0030711550313391213,29026.380051008648,/home/runner/work/Solana-Memecoin-Analysis/Solana-Memecoin-Analysis/data/cache/2026-09-21/000551819628_ohlcv_61acd44e7b54.json
2026-09-20T21:35:00+00:00,Bgf45Fjqeobgd5viMX8P8AfhiydRewEFKPd7nmcFNQRb,solana,PumpSwap,,,,,2026-09-20T18:44:10Z,0.0029295107632829878,,,,,,,,,,,,,,,,,,,ohlcv_backfill,minute,0.003126476984608367,0.0034725524410119312,0.0026384785049070715,0.0029295107632829878,61372.060219003804,/home/runner/work/Solana-Memecoin-Analysis/Solana-Memecoin-Analysis/data/cache/2026-09-21/000551819628_ohlcv_61acd44e7b54.json
2026-09-20T21:30:00+00:00,Bgf45Fjqeobgd5viMX8P8AfhiydRewEFKPd7nmcFNQRb,solana,PumpSwap,,,,,2026-09-20T18:44:10Z,0.003126476984608367,,,,,,,,,,,,,,,,,,,ohlcv_backfill,minute,0.0029682880141521048,0.0037266260244448695,0.00294162347233293,0.003126476984608367,106420.07334205406,/home/runner/work/Solana-Memecoin-Analysis/Solana-Memecoin-Analysis/data/cache/2026-09-21/000551819628_ohlcv_61acd44e7b54.json
2026-09-20T21:25:00+00:00,Bgf45Fjqeobgd5viMX8P8AfhiydRewEFKPd7nmcFNQRb,solana,PumpSwap,,,,,2026-09-20T18:44:10Z,0.0029682880141521048,,,,,,,,,,,,,,,,,,,ohlcv_backfill,minute,0.0026805237234225794,0.003409222794579857,0.002361130648522363,0.0029682880141521048,207971.11775211096,/home/runner/work/Solana-Memecoin-Analysis/Solana-Memecoin-Analysis/data/cache/2026-09-21/000551819628_ohlcv_61acd44e7b54.json
2026-09-20T21:20:00+00:00,Bgf45Fjqeobgd5viMX8P8AfhiydRewEFKPd7nmcFNQRb,solana,PumpSwap,,,,,2026-09-20T18:44:10Z,0.0026805237234225794,,,,,,,,,,,,,,,,,,,ohlcv_backfill,minute,0.0020192819334414595,0.0027360169435035873,0.0016657372166014141,0.0026805237234225794,61382.37259691966,/home/runner/work/Solana-Memecoin-Analysis/Solana-Memecoin-Analysis/data/cache/2026-09-21/000551819628_ohlcv_61acd44e7b54.json
2026-09-20T21:15:00+00:00,Bgf45Fjqeobgd5viMX8P8AfhiydRewEFKPd7nmcFNQRb,solana,PumpSwap,,,,,2026-09-20T18:44:10Z,0.0020192819334414595,,,,,,,,,,,,,,,,,,,ohlcv_backfill,minute,0.0019548695795876267,0.002033261893412894,0.0018119118513268808,0.0020192819334414595,18357.700155667357,/home/runner/work/Solana-Memecoin-Analysis/Solana-Memecoin-Analysis/data/cache/2026-09-21/000551819628_ohlcv_61acd44e7b54.json
2026-09-20T21:10:00+00:00,Bgf45Fjqeobgd5viMX8P8AfhiydRewEFKPd7nmcFNQRb,solana,PumpSwap,,,,,2026-09-20T18:44:10Z,0.0019548695795876267,,,,,,,,,,,,,,,,,,,ohlcv_backfill,minute,0.0021196903924791074,0.002200045737616704,0.001862807980693142,0.0019548695795876267,13664.856527794931,/home/runner/work/Solana-Memecoin-Analysis/Solana-Memecoin-Analysis/data/cache/2026-09-21/000551819628_ohlcv_61acd44e7b54.json
2026-09-20T21:05:00+00:00,Bgf45Fjqeobgd5viMX8P8AfhiydRewEFKPd7nmcFNQRb,solana,PumpSwap,,,,,2026-09-20T18:44:10Z,0.0021196903924791074,,,,,,,,,,,,,,,,,,,ohlcv_backfill,minute,0.0021091850879699204,0.0022779607216700955,0.0020103697927930423,0.0021196903924791074,7257.910358617251,/home/runner/work/Solana-Memecoin-Analysis/Solana-Memecoin-Analysis/data/cache/2026-09-21/000551819628_ohlcv_61acd44e7b54.json
2026-09-20T21:00:00+00:00,Bgf45Fjqeobgd5viMX8P8AfhiydRewEFKPd7nmcFNQRb,solana,PumpSwap,,,,,2026-09-20T18:44:10Z,0.0021091850879699204,,,,,,,,,,,,,,,,,,,ohlcv_backfill,minute,0.0022061762400542436,0.002259994208136109,0.0019099050853210449,0.0021091850879699204,13854.24549196093,/home/runner/work/Solana-Memecoin-Analysis/Solana-Memecoin-Analysis/data/cache/2026-09-21/000551819628_ohlcv_61acd44e7b54.json
2026-09-20T20:55:00+00:00,Bgf45Fjqeobgd5viMX8P8AfhiydRewEFKPd7nmcFNQRb,solana,PumpSwap,,,,,2026-09-20T18:44:10Z,0.0022061762400542436,,,,,,,,,,,,,,,,,,,ohlcv_backfill,minute,0.0022069742936383116,0.00245716465127263,0.0022061762400542436,0.0022061762400542436,26419.543484170947,/home/runner/work/Solana-Memecoin-Analysis/Solana-Memecoin-Analysis/data/cache/2026-09-21/000551819628_ohlcv_61acd44e7b54.json
2026-09-20T20:50:00+00:00,Bgf45Fjqeobgd5viMX8P8AfhiydRewEFKPd7nmcFNQRb,solana,PumpSwap,,,,,2026-09-20T18:44:10Z,0.0022069742936383116,,,,,,,,,,,,,,,,,,,ohlcv_backfill,minute,0.0021731390222606297,0.002320077505895925,0.002030987102582179,0.0022069742936383116,34103.652685289475,/home/runner/work/Solana-Memecoin-Analysis/Solana-Memecoin-Analysis/data/cache/2026-09-21/000551819628_ohlcv_61acd44e7b54.json
2026-09-20T20:45:00+00:00,Bgf45Fjqeobgd5viMX8P8AfhiydRewEFKPd7nmcFNQRb,solana,PumpSwap,,,,,2026-09-20T18:44:10Z,0.0021731390222606297,,,,,,,,,,,,,,,,,,,ohlcv_backfill,minute,0.0020437883279034244,0.0021731390222606297,0.0018382223529975438,0.0021731390222606297,21128.758003432857,/home/runner/work/Solana-Memecoin-Analysis/Solana-Memecoin-Analysis/data/cache/2026-09-21/000551819628_ohlcv_61acd44e7b54.json
2026-09-20T20:40:00+00:00,Bgf45Fjqeobgd5viMX8P8AfhiydRewEFKPd7nmcFNQRb,solana,PumpSwap,,,,,2026-09-20T18:44:10Z,0.0020437883279034244,,,,,,,,,,,,,,,,,,,ohlcv_backfill,minute,0.0021456175980422336,0.0021686836338343373,0.0017742533874473962,0.0020437883279034244,30149.997666806357,/home/runner/work/Solana-Memecoin-Analysis/Solana-Memecoin-Analysis/data/cache/2026-09-21/000551819628_ohlcv_61acd44e7b54.json
2026-09-20T20:35:00+00:00,Bgf45Fjqeobgd5viMX8P8AfhiydRewEFKPd7nmcFNQRb,solana,PumpSwap,,,,,2026-09-20T18:44:10Z,0.0021456175980422336,,,,,,,,,,,,,,,,,,,ohlcv_backfill,minute,0.002154322389447712,0.00228968703100004,0.0020582527199938445,0.0021456175980422336,25673.356874143283,/home/runner/work/Solana-Memecoin-Analysis/Solana-Memecoin-Analysis/data/cache/2026-09-21/000551819628_ohlcv_61acd44e7b54.json
2026-09-20T20:30:00+00:00,Bgf45Fjqeobgd5viMX8P8AfhiydRewEFKPd7nmcFNQRb,solana,PumpSwap,,,,,2026-09-20T18:44:10Z,0.002154322389447712,,,,,,,,,,,,,,,,,,,ohlcv_backfill,minute,0.002589230056404982,0.002589230056404982,0.0021530285833067262,0.002154322389447712,25569.174302677326,/home/runner/work/Solana-Memecoin-Analysis/Solana-Memecoin-Analysis/data/cache/2026-09-21/000551819628_ohlcv_61acd44e7b54.json
2026-09-20T20:25:00+00:00,Bgf45Fjqeobgd5viMX8P8AfhiydRewEFKPd7nmcFNQRb,solana,PumpSwap,,,,,2026-09-20T18:44:10Z,0.002589230056404982,,,,,,,,,,,,,,,,,,,ohlcv_backfill,minute,0.0019078293234619692,0.002589230056404982,0.001856601120079787,0.002589230056404982,61434.559328904295,/home/runner/work/Solana-Memecoin-Analysis/Solana-Memecoin-Analysis/data/cache/2026-09-21/000551819628_ohlcv_61acd44e7b54.json
2026-09-20T20:20:00+00:00,Bgf45Fjqeobgd5viMX8P8AfhiydRewEFKPd7nmcFNQRb,solana,PumpSwap,,,,,2026-09-20T18:44:10Z,0.0019078293234619692,,,,,,,,,,,,,,,,,,,ohlcv_backfill,minute,0.0018820179403028748,0.002163680769510868,0.0017552813624102607,0.0019078293234619692,48445.580597847715,/home/runner/work/Solana-Memecoin-Analysis/Solana-Memecoin-Analysis/data/cache/2026-09-21/000551819628_ohlcv_61acd44e7b54.json
2026-09-20T20:15:00+00:00,Bgf45Fjqeobgd5viMX8P8AfhiydRewEFKPd7nmcFNQRb,solana,PumpSwap,,,,,2026-09-20T18:44:10Z,0.0018820179403028748,,,,,,,,,,,,,,,,,,,ohlcv_backfill,minute,0.0020180555681823397,0.002500676880426097,0.0017120516307091325,0.0018820179403028748,101606.9072191948,/home/runner/work/Solana-Memecoin-Analysis/Solana-Memecoin-Analysis/data/cache/2026-09-21/000551819628_ohlcv_61acd44e7b54.json
2026-09-20T20:10:00+00:00,Bgf45Fjqeobgd5viMX8P8AfhiydRewEFKPd7nmcFNQRb,solana,PumpSwap,,,,,2026-09-20T18:44:10Z,0.0020180555681823397,,,,,,,,,,,,,,,,,,,ohlcv_backfill,minute,0.001610514007335522,0.0023431875232455763,0.0015627364990727663,0.0020180555681823397,133328.39856247662,/home/runner/work/Solana-Memecoin-Analysis/Solana-Memecoin-Analysis/data/cache/2026-09-21/000551819628_ohlcv_61acd44e7b54.json
2026-09-20T20:05:00+00:00,Bgf45Fjqeobgd5viMX8P8AfhiydRewEFKPd7nmcFNQRb,solana,PumpSwap,,,,,2026-09-20T18:44:10Z,0.001610514007335522,,,,,,,,,,,,,,,,,,,ohlcv_backfill,minute,0.0011178734937806916,0.0017144671414576103,0.0011178734937806916,0.001610514007335522,119521.69208253677,/home/runner/work/Solana-Memecoin-Analysis/Solana-Memecoin-Analysis/data/cache/2026-09-21/000551819628_ohlcv_61acd44e7b54.json
2026-09-20T20:00:00+00:00,Bgf45Fjqeobgd5viMX8P8AfhiydRewEFKPd7nmcFNQRb,solana,PumpSwap,,,,,2026-09-20T18:44:10Z,0.0011178734937806916,,,,,,,,,,,,,,,,,,,ohlcv_backfill,minute,0.0022186080052616227,0.0022434783816659043,0.0010007326581797128,0.0011178734937806916,153919.7269642522,/home/runner/work/Solana-Memecoin-Analysis/Solana-Memecoin-Analysis/data/cache/2026-09-21/000551819628_ohlcv_61acd44e7b54.json
2026-09-20T19:55:00+00:00,Bgf45Fjqeobgd5viMX8P8AfhiydRewEFKPd7nmcFNQRb,solana,PumpSwap,,,,,2026-09-20T18:44:10Z,0.0022186080052616227,,,,,,,,,,,,,,,,,,,ohlcv_backfill,minute,0.0025915640445742065,0.002697802920796269,0.0015984104915537966,0.0022186080052616227,109979.68338599533,/home/runner/work/Solana-Memecoin-Analysis/Solana-Memecoin-Analysis/data/cache/2026-09-21/000551819628_ohlcv_61acd44e7b54.json
2026-09-20T19:50:00+00:00,Bgf45Fjqeobgd5viMX8P8AfhiydRewEFKPd7nmcFNQRb,solana,PumpSwap,,,,,2026-09-20T18:44:10Z,0.0025915640445742065,,,,,,,,,,,,,,,,,,,ohlcv_backfill,minute,0.0027754376842748017,0.0032623437854742364,0.002358500717925279,0.0025915640445742065,93983.22090100317,/home/runner/work/Solana-Memecoin-Analysis/Solana-Memecoin-Analysis/data/cache/2026-09-21/000551819628_ohlcv_61acd44e7b54.json
2026-09-20T19:45:00+00:00,Bgf45Fjqeobgd5viMX8P8AfhiydRewEFKPd7nmcFNQRb,solana,PumpSwap,,,,,2026-09-20T18:44:10Z,0.0027754376842748017,,,,,,,,,,,,,,,,,,,ohlcv_backfill,minute,0.0025699314897900958,0.0028132979063526594,0.0023332313026427328,0.0027754376842748017,64249.314216047824,/home/runner/work/Solana-Memecoin-Analysis/Solana-Memecoin-Analysis/data/cache/2026-09-21/000551819628_ohlcv_61acd44e7b54.json
2026-09-20T19:40:00+00:00,Bgf45Fjqeobgd5viMX8P8AfhiydRewEFKPd7nmcFNQRb,solana,PumpSwap,,,,,2026-09-20T18:44:10Z,0.0025699314897900958,,,,,,,,,,,,,,,,,,,ohlcv_backfill,minute,0.002487989956226676,0.0030312377714171333,0.002261869925428512,0.0025699314897900958,122599.19090872584,/home/runner/work/Solana-Memecoin-Analysis/Solana-Memecoin-Analysis/data/cache/2026-09-21/000551819628_ohlcv_61acd44e7b54.json
2026-09-20T19:35:00+00:00,Bgf45Fjqeobgd5viMX8P8AfhiydRewEFKPd7nmcFNQRb,solana,PumpSwap,,,,,2026-09-20T18:44:10Z,0.002487989956226676,,,,,,,,,,,,,,,,,,,ohlcv_backfill,minute,0.0025069518421274163,0.003283736133296442,0.002156983781528332,0.002487989956226676,254020.76361732892,/home/runner/work/Solana-Memecoin-Analysis/Solana-Memecoin-Analysis/data/cache/2026-09-21/000551819628_ohlcv_61acd44e7b54.json
2026-09-20T19:30:00+00:00,Bgf45Fjqeobgd5viMX8P8AfhiydRewEFKPd7nmcFNQRb,solana,PumpSwap,,,,,2026-09-20T18:44:10Z,0.0025069518421274163,,,,,,,,,,,,,,,,,,,ohlcv_backfill,minute,0.002135882745716396,0.0032428104893670305,0.0018929316588071677,0.0025069518421274163,384498.9957285521,/home/runner/work/Solana-Memecoin-Analysis/Solana-Memecoin-Analysis/data/cache/2026-09-21/000551819628_ohlcv_61acd44e7b54.json
2026-09-20T19:25:00+00:00,Bgf45Fjqeobgd5viMX8P8AfhiydRewEFKPd7nmcFNQRb,solana,PumpSwap,,,,,2026-09-20T18:44:10Z,0.002135882745716396,,,,,,,,,,,,,,,,,,,ohlcv_backfill,minute,0.0013421789374842967,0.002135882745716396,0.001318469915007466,0.002135882745716396,252566.42368963867,/home/runner/work/Solana-Memecoin-Analysis/Solana-Memecoin-Analysis/data/cache/2026-09-21/000551819628_ohlcv_61acd44e7b54.json
2026-09-20T19:20:00+00:00,Bgf45Fjqeobgd5viMX8P8AfhiydRewEFKPd7nmcFNQRb,solana,PumpSwap,,,,,2026-09-20T18:44:10Z,0.0013421789374842967,,,,,,,,,,,,,,,,,,,ohlcv_backfill,minute,0.0014180528397031494,0.0018515969730656542,0.0010054586215269422,0.0013421789374842967,328994.88655098964,/home/runner/work/Solana-Memecoin-Analysis/Solana-Memecoin-Analysis/data/cache/2026-09-21/000551819628_ohlcv_61acd44e7b54.json
2026-09-20T19:15:00+00:00,Bgf45Fjqeobgd5viMX8P8AfhiydRewEFKPd7nmcFNQRb,solana,PumpSwap,,,,,2026-09-20T18:44:10Z,0.0014180528397031494,,,,,,,,,,,,,,,,,,,ohlcv_backfill,minute,0.0021454030217310438,0.0022572514572263033,0.001239168968346153,0.0014180528397031494,751973.0806845127,/home/runner/work/Solana-Memecoin-Analysis/Solana-Memecoin-Analysis/data/cache/2026-09-21/000551819628_ohlcv_61acd44e7b54.json
2026-09-20T19:10:00+00:00,Bgf45Fjqeobgd5viMX8P8AfhiydRewEFKPd7nmcFNQRb,solana,PumpSwap,,,,,2026-09-20T18:44:10Z,0.0021454030217310438,,,,,,,,,,,,,,,,,,,ohlcv_backfill,minute,0.00422991970014885,0.00422991970014885,0.002123593820360257,0.0021454030217310438,648304.5458507936,/home/runner/work/Solana-Memecoin-Analysis/Solana-Memecoin-Analysis/data/cache/2026-09-21/000551819628_ohlcv_61acd44e7b54.json
2026-09-20T19:05:00+00:00,Bgf45Fjqeobgd5viMX8P8AfhiydRewEFKPd7nmcFNQRb,solana,PumpSwap,,,,,2026-09-20T18:44:10Z,0.00422991970014885,,,,,,,,,,,,,,,,,,,ohlcv_backfill,minute,0.0038620847630210712,0.004859509889803773,0.0033411647996804527,0.00422991970014885,660583.8227304207,/home/runner/work/Solana-Memecoin-Analysis/Solana-Memecoin-Analysis/data/cache/2026-09-21/000551819628_ohlcv_61acd44e7b54.json
2026-09-20T19:00:00+00:00,Bgf45Fjqeobgd5viMX8P8AfhiydRewEFKPd7nmcFNQRb,solana,PumpSwap,,,,,2026-09-20T18:44:10Z,0.0038620847630210712,,,,,,,,,,,,,,,,,,,ohlcv_backfill,minute,0.002988154409796853,0.00466321916498216,0.002380547858907256,0.0038620847630210712,840006.6589983169,/home/runner/work/Solana-Memecoin-Analysis/Solana-Memecoin-Analysis/data/cache/2026-09-21/000551819628_ohlcv_61acd44e7b54.json
2026-09-20T18:55:00+00:00,Bgf45Fjqeobgd5viMX8P8AfhiydRewEFKPd7nmcFNQRb,solana,PumpSwap,,,,,2026-09-20T18:44:10Z,0.002988154409796853,,,,,,,,,,,,,,,,,,,ohlcv_backfill,minute,0.0028002295491919888,0.00461411367409502,0.0021514929225102566,0.002988154409796853,1240555.2973789207,/home/runner/work/Solana-Memecoin-Analysis/Solana-Memecoin-Analysis/data/cache/2026-09-21/000551819628_ohlcv_61acd44e7b54.json
2026-09-20T18:50:00+00:00,Bgf45Fjqeobgd5viMX8P8AfhiydRewEFKPd7nmcFNQRb,solana,PumpSwap,,,,,2026-09-20T18:44:10Z,0.0028002295491919888,,,,,,,,,,,,,,,,,,,ohlcv_backfill,minute,0.0008186272532579566,0.002800751714094663,0.0007853724142050288,0.0028002295491919888,1378071.272042128,/home/runner/work/Solana-Memecoin-Analysis/Solana-Memecoin-Analysis/data/cache/2026-09-21/000551819628_ohlcv_61acd44e7b54.json
2026-09-20T18:45:00+00:00,Bgf45Fjqeobgd5viMX8P8AfhiydRewEFKPd7nmcFNQRb,solana,PumpSwap,,,,,2026-09-20T18:44:10Z,0.0008186272532579566,,,,,,,,,,,,,,,,,,,ohlcv_backfill,minute,0.000751426784748682,0.0012578843391551557,0.0005512315725106666,0.0008186272532579566,658937.9681460953,/home/runner/work/Solana-Memecoin-Analysis/Solana-Memecoin-Analysis/data/cache/2026-09-21/000551819628_ohlcv_61acd44e7b54.json
2026-09-21T00:00:00+00:00,8SUBpDtbh6Tk9wiAPngG4VMVsVNnubcw1NCCRmEyriLV,solana,Pump.fun,,,,,2026-09-21T00:02:53Z,3.1962190190863945e-06,,,,,,,,,,,,,,,,,,,ohlcv_backfill,minute,3.886665090789057e-06,4.122220550836839e-06,3.1962190190863945e-06,3.1962190190863945e-06,1114.7347503304316,/home/runner/work/Solana-Memecoin-Analysis/Solana-Memecoin-Analysis/data/cache/2026-09-21/000559236151_ohlcv_74c963e6b0c5.json
2026-09-21T00:00:00+00:00,21HoZA7pDSX3Dh7sfDPtL7h3U9dxzymuLrj2eEsEiWKh,solana,Pump.fun,,,,,2026-09-21T00:02:49Z,3.135787898569422e-06,,,,,,,,,,,,,,,,,,,ohlcv_backfill,minute,3.1273210226696964e-06,3.135787898569422e-06,3.1273210226696964e-06,3.135787898569422e-06,11.020934882858844,/home/runner/work/Solana-Memecoin-Analysis/Solana-Memecoin-Analysis/data/cache/2026-09-21/000607184452_ohlcv_43520a212978.json
2026-09-21T00:00:00+00:00,98EHcdDL91obAV6UPTvp6CXhUuaMWDok8seLHDyto3ez,solana,Pump.fun,,,,,2026-09-21T00:02:46Z,3.2696329761471404e-06,,,,,,,,,,,,,,,,,,,ohlcv_backfill,minute,3.2690317804840997e-06,3.2696329761471404e-06,3.2690317804840997e-06,3.2696329761471404e-06,330.16410694901293,/home/runner/work/Solana-Memecoin-Analysis/Solana-Memecoin-Analysis/data/cache/2026-09-21/000614297015_ohlcv_56aa08824715.json
2026-09-21T00:00:00+00:00,DjiCr634wywstD6mEMaUiuQ3bJnPyHQ5ncMh1NgG87QY,solana,Meteora DAMM V2,,,,,2026-09-21T00:02:35Z,9.47703291281246e-06,,,,,,,,,,,,,,,,,,,ohlcv_backfill,minute,9.474095988369154e-06,9.477888266782685e-06,9.474095988369154e-06,9.47703291281246e-06,3.9472813304702195,/home/runner/work/Solana-Memecoin-Analysis/Solana-Memecoin-Analysis/data/cache/2026-09-21/000629435332_ohlcv_348085361b82.json
2026-09-21T00:00:00+00:00,Gh5Be1E6zYkADT7eGa72rTWytQv7RUuzqFFJsyZ795Nd,solana,Pump.fun,,,,,2026-09-21T00:02:34Z,3.1588688813668627e-06,,,,,,,,,,,,,,,,,,,ohlcv_backfill,minute,6.149631963667959e-06,6.149631963667959e-06,3.1565180973397954e-06,3.1588688813668627e-06,3253.656728856589,/home/runner/work/Solana-Memecoin-Analysis/Solana-Memecoin-Analysis/data/cache/2026-09-21/000645013355_ohlcv_7ac01151e045.json
