pool_address,event_at_utc,event_type,detail,schema_version
Drj5Z8kC33nTjqqf2Q2UoQ6qad26Wzc9aREFhAq4R6Qz,2026-09-30T07:43:29.279718+00:00,tracking_window_ended,Fenêtre de suivi (tracking_duration_hours) dépassée.,2
si9vpHXMQJFqoBwAwHUUtHrRagjYb2FBFKQwyX2gPuC,2026-09-30T07:43:29.279718+00:00,tracking_window_ended,Fenêtre de suivi (tracking_duration_hours) dépassée.,2
GZwsYYmc2a54HhX9ZGYTzo7LBChq1SSRDiV6RvvCBXzx,2026-09-30T07:43:29.279718+00:00,tracking_window_ended,Fenêtre de suivi (tracking_duration_hours) dépassée.,2
GLE7xAHyVCnhv2yiBqdNrWJHD6cMnTMQhEYrGPdvWkaw,2026-09-30T07:43:29.279718+00:00,tracking_window_ended,Fenêtre de suivi (tracking_duration_hours) dépassée.,2
9AnmWcYmAXVmc2uFB38aPt7gioLmzZkB2qbY1dfStpHH,2026-09-30T07:43:29.279718+00:00,tracking_window_ended,Fenêtre de suivi (tracking_duration_hours) dépassée.,2
42K3pzTArPBitB4F1ALYQm2qoCoUJy9L8eX7gqy1mGgM,2026-09-30T07:43:29.279718+00:00,tracking_window_ended,Fenêtre de suivi (tracking_duration_hours) dépassée.,2
4b1TJHJayTvtmiLGfZ87os7hQgRspGbp9f3SAAXARaqy,2026-09-30T07:43:29.279718+00:00,tracking_window_ended,Fenêtre de suivi (tracking_duration_hours) dépassée.,2
3BKVYcJgqmzHRQCg3NgifEC77hQLczyZ8kmZyvwMwREb,2026-09-30T07:43:29.279718+00:00,tracking_window_ended,Fenêtre de suivi (tracking_duration_hours) dépassée.,2
FkaYyJ7YUA8FpbQiZo6fH9iRBLGifRoaAafV5vJFBztA,2026-09-30T07:43:29.279718+00:00,tracking_window_ended,Fenêtre de suivi (tracking_duration_hours) dépassée.,2
CbR2UL7ktBr8MUUTj3FYcURZerp28GA2p1vPuMeKy1Je,2026-09-30T16:02:18.149145+00:00,tracking_window_ended,Fenêtre de suivi (tracking_duration_hours) dépassée.,2
9u9iogoJTjavJt8uW8GxqpTnaZo9xKtKFCA2nJKbaSK,2026-09-30T16:02:18.149145+00:00,tracking_window_ended,Fenêtre de suivi (tracking_duration_hours) dépassée.,2
DqXXV4vcBjSf39TYCnC9uFUsohzhgScewXwoX4Q7XUzH,2026-09-30T16:02:18.149145+00:00,tracking_window_ended,Fenêtre de suivi (tracking_duration_hours) dépassée.,2
CehXCosbGS31heNL6VotLqaSnFHZy8XmNWEyWEeXikrZ,2026-09-30T16:02:18.149145+00:00,tracking_window_ended,Fenêtre de suivi (tracking_duration_hours) dépassée.,2
FQNUxrszcAoZV4EPTeEg38ZUkn4fiMm7HrYE1NVDvXt1,2026-09-30T16:02:18.149145+00:00,tracking_window_ended,Fenêtre de suivi (tracking_duration_hours) dépassée.,2
4fi6ftHZ1bjbUv2AmG285vzzfgoWF9VVMncu6sVqwysX,2026-09-30T16:02:18.149145+00:00,tracking_window_ended,Fenêtre de suivi (tracking_duration_hours) dépassée.,2
8j9eX5jDGg6carkgiQsaRbA1assDiBVUrMviGkR5WtUk,2026-09-30T16:02:18.149145+00:00,tracking_window_ended,Fenêtre de suivi (tracking_duration_hours) dépassée.,2
7NobvNa7Z8ajettKBigL368DiKp7CbEAkGbg5KnpmjHq,2026-09-30T16:02:18.149145+00:00,tracking_window_ended,Fenêtre de suivi (tracking_duration_hours) dépassée.,2
8ewuF2o8ACro7fqWepZ3tKhkbBjndZU4Ldk9scRPw83d,2026-09-30T21:55:28.696075+00:00,tracking_window_ended,Fenêtre de suivi (tracking_duration_hours) dépassée.,2
B4kJcppu2bxh7srJmEJq8NVM9SrpZVLum5YVjGq6VChH,2026-09-30T21:55:28.696075+00:00,tracking_window_ended,Fenêtre de suivi (tracking_duration_hours) dépassée.,2
HnhpJPJgBG2KwniMTNW8cVBHvk1hFog3RC3kjnyc23tD,2026-09-30T21:55:28.696075+00:00,tracking_window_ended,Fenêtre de suivi (tracking_duration_hours) dépassée.,2
e1hvyUmuimhUJwepvsbtY89PGQyAEwu6z723JYwvJxr,2026-09-30T21:55:28.696075+00:00,tracking_window_ended,Fenêtre de suivi (tracking_duration_hours) dépassée.,2
4wJATBNq9zU7x7WKYxdjkKHzsGsT9QaQwCdHAVM3Nya9,2026-09-30T21:55:28.696075+00:00,tracking_window_ended,Fenêtre de suivi (tracking_duration_hours) dépassée.,2
BdAdiQv4VVHAi3gsHi6Nh2A9LyznoFHXKAXdu1rWRGVR,2026-09-30T21:55:28.696075+00:00,tracking_window_ended,Fenêtre de suivi (tracking_duration_hours) dépassée.,2
J62aApewEDACJKzHZLP9rtBkUW3mxz4vgtUrbbBt6zVE,2026-09-30T21:55:28.696075+00:00,tracking_window_ended,Fenêtre de suivi (tracking_duration_hours) dépassée.,2
Ee39pzRRb394cEzbkiNUc5kkmFtaY4Y12uXBMASnQc8P,2026-09-30T21:55:28.696075+00:00,tracking_window_ended,Fenêtre de suivi (tracking_duration_hours) dépassée.,2
9qMhXynsjsEqnZwG47JsPkxssaLSAhtZpWwsEpKJc49X,2026-09-30T21:55:28.696075+00:00,tracking_window_ended,Fenêtre de suivi (tracking_duration_hours) dépassée.,2
6ndrVTJzqBRVRdMd3VnDWnxTErA4cgQddpojWvaeSPHs,2026-09-30T21:55:28.696075+00:00,tracking_window_ended,Fenêtre de suivi (tracking_duration_hours) dépassée.,2
FGLnnhaMe4CAasfksZ5CkzHp4Kdm5Qi13DQg6racLL5w,2026-09-30T21:55:28.696075+00:00,tracking_window_ended,Fenêtre de suivi (tracking_duration_hours) dépassée.,2
EKskT4G5m3e1fDYKDjwmKTouGbTPD2Eazkf3Zajg7cad,2026-09-30T21:55:28.696075+00:00,tracking_window_ended,Fenêtre de suivi (tracking_duration_hours) dépassée.,2
