pool_address,event_at_utc,event_type,detail
Bgf45Fjqeobgd5viMX8P8AfhiydRewEFKPd7nmcFNQRb,2026-09-23T01:51:13.601407+00:00,tracking_window_ended,Fenêtre de suivi (tracking_duration_hours) dépassée.
8SUBpDtbh6Tk9wiAPngG4VMVsVNnubcw1NCCRmEyriLV,2026-09-23T01:51:13.601407+00:00,tracking_window_ended,Fenêtre de suivi (tracking_duration_hours) dépassée.
21HoZA7pDSX3Dh7sfDPtL7h3U9dxzymuLrj2eEsEiWKh,2026-09-23T01:51:13.601407+00:00,tracking_window_ended,Fenêtre de suivi (tracking_duration_hours) dépassée.
98EHcdDL91obAV6UPTvp6CXhUuaMWDok8seLHDyto3ez,2026-09-23T01:51:13.601407+00:00,tracking_window_ended,Fenêtre de suivi (tracking_duration_hours) dépassée.
DjiCr634wywstD6mEMaUiuQ3bJnPyHQ5ncMh1NgG87QY,2026-09-23T01:51:13.601407+00:00,tracking_window_ended,Fenêtre de suivi (tracking_duration_hours) dépassée.
Gh5Be1E6zYkADT7eGa72rTWytQv7RUuzqFFJsyZ795Nd,2026-09-23T01:51:13.601407+00:00,tracking_window_ended,Fenêtre de suivi (tracking_duration_hours) dépassée.
8WormohZAE1UHyEX65Y5njDzwgEiCPXskr5QhJRdk68d,2026-09-23T01:51:13.601407+00:00,tracking_window_ended,Fenêtre de suivi (tracking_duration_hours) dépassée.
CWGCA9eA1oNHvcw6nmcH7sHMVrmuhZ47dhyHE2rTAJpW,2026-09-23T01:51:13.601407+00:00,tracking_window_ended,Fenêtre de suivi (tracking_duration_hours) dépassée.
7wCarEYcymXE2oLsUaptqg4ybX5HfH1MsinRhq4pvHjm,2026-09-23T01:51:13.601407+00:00,tracking_window_ended,Fenêtre de suivi (tracking_duration_hours) dépassée.
F7RPa22rZD3s7AAizTjYKH3NnaNRMzu4kTEJfUidPLbV,2026-09-23T01:51:13.601407+00:00,tracking_window_ended,Fenêtre de suivi (tracking_duration_hours) dépassée.
A4cKgTqgPDC3tgPYg3ir8fNDTmYHLBMUEaqxUUg3LYcK,2026-09-23T01:51:13.601407+00:00,tracking_window_ended,Fenêtre de suivi (tracking_duration_hours) dépassée.
FL8EQPGZbmDtDnb9csBki7XMiBsuBY8ak9KrMq2ivwdL,2026-09-23T01:51:13.601407+00:00,tracking_window_ended,Fenêtre de suivi (tracking_duration_hours) dépassée.
EZELL4udEzSVPP6A9Us55F1h1MyrgAZkyaA5YGauctq6,2026-09-23T01:51:13.601407+00:00,tracking_window_ended,Fenêtre de suivi (tracking_duration_hours) dépassée.
Q2sPHPdUWFMg7M7wwrQKLrn619cAucfRsmhVJffodSp,2026-09-23T06:48:15.179778+00:00,tracking_window_ended,Fenêtre de suivi (tracking_duration_hours) dépassée.
GTHKH8s82ZR8GTSFZ1dUu6wfdxhy59wpMShxzG5zjiPm,2026-09-23T06:48:15.179778+00:00,tracking_window_ended,Fenêtre de suivi (tracking_duration_hours) dépassée.
4w2cysotX6czaUGmmWg13hDpY4QEMG2CzeKYEQyK9Ama,2026-09-23T06:48:15.179778+00:00,tracking_window_ended,Fenêtre de suivi (tracking_duration_hours) dépassée.
DZUF7qh38pfQ9qb4gfKh4qW7dn2C9s1asdiDxYXQpP7T,2026-09-23T06:48:15.179778+00:00,tracking_window_ended,Fenêtre de suivi (tracking_duration_hours) dépassée.
CFTVxuqCt5Pt6mtsWhwpK7VkmEkRU9FSa5dVzKJZwcEP,2026-09-23T06:48:15.179778+00:00,tracking_window_ended,Fenêtre de suivi (tracking_duration_hours) dépassée.
CYmqRFN9RbmECCTkoRvAWtRW6mDz2hdyxo9CjCToGrWN,2026-09-23T06:48:15.179778+00:00,tracking_window_ended,Fenêtre de suivi (tracking_duration_hours) dépassée.
